modelo,rmsle,rmse,mae,r2,tempo_treino_s
GradientBoosting,0.13081547922567463,24924.03542883122,15463.930707939957,0.9038945263517776,2.659824067000045
Ridge,0.13646226639251965,26517.007327051288,16348.81275855956,0.8912171529714357,0.051419651000060185
RandomForest,0.15663134212963056,34761.09786805559,19626.07254155197,0.8130616640584031,0.7414694770000096
